id,first_name,last_name,email,gender,ip_address
1,Richardo,Goodere,rgoodere0@people.com.cn,Female,72.12.232.1
2,Cynthie,Wescott,cwescott1@disqus.com,Agender,81.222.7.20
3,Fabe,Vicker,fvicker2@youtube.com,Agender,191.88.130.221
4,Amelie,Schettini,aschettini3@nature.com,Polygender,110.191.66.158
5,Adolf,Siddell,asiddell4@1und1.de,Genderqueer,69.100.141.113
6,Efren,Prestwich,eprestwich5@baidu.com,Female,42.17.33.239
7,Dew,Harwin,dharwin6@plala.or.jp,Genderqueer,150.155.106.122
8,Cointon,Josse,cjosse7@rambler.ru,Genderqueer,116.248.222.57
9,Annabal,Rogers,arogers8@businessweek.com,Female,121.4.22.175
10,Magnum,Westgate,mwestgate9@tuttocitta.it,Male,152.226.42.38
11,Yehudit,Springford,yspringforda@4shared.com,Male,243.102.124.104
12,Andy,Scotchford,ascotchfordb@mtv.com,Male,50.206.130.105
13,Kenton,Woodrup,kwoodrupc@naver.com,Polygender,69.135.97.53
14,Vevay,Risbrough,vrisbroughd@php.net,Bigender,206.237.176.223
15,Lois,Jowett,ljowette@t-online.de,Polygender,61.128.99.38
16,Annabal,O'Henecan,aohenecanf@icq.com,Bigender,163.10.155.239
17,Shanna,Lutas,slutasg@examiner.com,Male,19.67.39.213
18,Adolf,Eard,aeardh@google.co.jp,Non-binary,249.136.205.90
19,Lucais,Gomes,lgomesi@uiuc.edu,Genderfluid,44.2.32.130
20,Emlynne,Colloff,ecolloffj@wunderground.com,Non-binary,162.250.38.244
21,Claribel,Attenburrow,cattenburrowk@themeforest.net,Bigender,72.110.29.74
22,Maisey,Huitson,mhuitsonl@hhs.gov,Polygender,108.48.52.136
23,Billy,Aldersley,baldersleym@hhs.gov,Genderqueer,252.147.229.66
24,Gillian,Cownden,gcowndenn@a8.net,Male,12.237.254.175
25,Helene,Letford,hletfordo@baidu.com,Female,19.33.8.166
26,Juliana,Lyness,jlynessp@sourceforge.net,Non-binary,117.167.160.2
27,Timothy,Gallear,tgallearq@upenn.edu,Female,156.114.138.45
28,Neville,Langtry,nlangtryr@businessweek.com,Non-binary,63.130.29.145
29,Stanley,Skipsea,sskipseas@bloomberg.com,Genderqueer,223.107.197.177
30,Joscelin,Sharratt,jsharrattt@diigo.com,Agender,226.111.179.5
